item,itemLabel,LIMA_media_artist_ID
http://www.wikidata.org/entity/Q20164615,Boris Gerrets,889
http://www.wikidata.org/entity/Q11935262,Marcelo Expósito,3868
http://www.wikidata.org/entity/Q56523799,Jordan Crandall,9858
http://www.wikidata.org/entity/Q77350374,Shalom Gorewitz,28
http://www.wikidata.org/entity/Q98366,Hito Steyerl,14039
http://www.wikidata.org/entity/Q152292,Vanessa Beecroft,13784
http://www.wikidata.org/entity/Q7949667,WGBH,3731
http://www.wikidata.org/entity/Q106619704,Mariano Maturana,50
http://www.wikidata.org/entity/Q106619720,Rieke Besjes,430
http://www.wikidata.org/entity/Q106619711,Rolf Schoeber,65
http://www.wikidata.org/entity/Q106619830,Eventstructure Research Group,3830
http://www.wikidata.org/entity/Q106619791,Co Vleeshouwer,2306
http://www.wikidata.org/entity/Q106619753,Henny van Oosten,1705
http://www.wikidata.org/entity/Q106619722,Ramon Coelho,628
http://www.wikidata.org/entity/Q106619736,Stephen Kemp,1232
http://www.wikidata.org/entity/Q106619644,Sara Rajaei & Neva Lukic,17002
http://www.wikidata.org/entity/Q106619869,Amsterdams Stadsjournaal,3939
http://www.wikidata.org/entity/Q106619866,H.F. van de Rijdt,3934
http://www.wikidata.org/entity/Q106619798,Harry Heyink,3606
http://www.wikidata.org/entity/Q106619790,Marion Urch,2225
http://www.wikidata.org/entity/Q106619862,Hugo de Vries,3929
http://www.wikidata.org/entity/Q106619593,Maurice Nio & Thijs Visser,3676
http://www.wikidata.org/entity/Q106619865,Jenny Hazenberg,3931
http://www.wikidata.org/entity/Q106619642,Gerco de Ruijter & Michel Banabila,17001
http://www.wikidata.org/entity/Q106619847,Phyllis Bulkin,3864
http://www.wikidata.org/entity/Q106619920,Daniël Nogueira,6224
http://www.wikidata.org/entity/Q106619657,Juliao Sarmento & Fernando Calhau,17084
http://www.wikidata.org/entity/Q106619921,Rik Simon,6225
http://www.wikidata.org/entity/Q106620009,Giovanni Giaretta,16911
http://www.wikidata.org/entity/Q106619966,Emile Zile,15539
http://www.wikidata.org/entity/Q106620008,Johan Rijpma,16892
http://www.wikidata.org/entity/Q106619635,Nabuurs & Van Doorn,16942
http://www.wikidata.org/entity/Q299662,Carolee Schneemann,3821
http://www.wikidata.org/entity/Q317668,Tobias Rehberger,15924
http://www.wikidata.org/entity/Q369916,Charlemagne Palestine,1737
http://www.wikidata.org/entity/Q16514179,Erzsébet Baerveldt,10257
http://www.wikidata.org/entity/Q453808,Joan Jonas,3765
http://www.wikidata.org/entity/Q459681,Valie Export,3741
http://www.wikidata.org/entity/Q52888263,Wink van Kempen,4277
http://www.wikidata.org/entity/Q90050270,Andreas Gedin,9639
http://www.wikidata.org/entity/Q556337,Alighiero Boetti,3840
http://www.wikidata.org/entity/Q20901611,Ansuya Blom,13956
http://www.wikidata.org/entity/Q563515,Arnulf Rainer,3774
http://www.wikidata.org/entity/Q568809,Peter Fischli en David Weiss,3907
http://www.wikidata.org/entity/Q573374,Jan Dibbets,3831
http://www.wikidata.org/entity/Q29159975,Marcel Hermans,35
http://www.wikidata.org/entity/Q53092054,Joost Rekveld,13885
http://www.wikidata.org/entity/Q644867,Terry Fox,3740
http://www.wikidata.org/entity/Q684974,Gilbert & George,6624
http://www.wikidata.org/entity/Q683378,John Baldessari,3766
http://www.wikidata.org/entity/Q16915554,Mans Wrange,81
http://www.wikidata.org/entity/Q827998,Ger van Elk,3619
http://www.wikidata.org/entity/Q21289363,Kevin Atherton,3853
http://www.wikidata.org/entity/Q29553753,Pablo Pijnappel,13950
http://www.wikidata.org/entity/Q29551739,Meiro Koizumi,15577
http://www.wikidata.org/entity/Q61702820,Wolfgang Matzat,4763
http://www.wikidata.org/entity/Q29553175,Pilvi Takala,16060
http://www.wikidata.org/entity/Q955077,Marlon Riggs,3894
http://www.wikidata.org/entity/Q21533373,David Maljkovic,13781
http://www.wikidata.org/entity/Q17364327,Dora García,15351
http://www.wikidata.org/entity/Q94961394,Henryk Gajewski,860
http://www.wikidata.org/entity/Q62033179,Peter Stel,4749
http://www.wikidata.org/entity/Q1273122,Sam Taylor Wood,13532
http://www.wikidata.org/entity/Q1331302,Elizabeth Price,16952
http://www.wikidata.org/entity/Q62392767,Livinus en Jeep van de Bundt,16
http://www.wikidata.org/entity/Q95343809,Jan Verbeek,76
http://www.wikidata.org/entity/Q74999223,PolakVanBekkum,17004
http://www.wikidata.org/entity/Q5549940,Gerard Byrne,17121
http://www.wikidata.org/entity/Q1636333,Michel Auder,17011
http://www.wikidata.org/entity/Q1811847,Lee Jaffe,4237
http://www.wikidata.org/entity/Q1871218,Lotty Rosenfeld,14723
http://www.wikidata.org/entity/Q95859416,Gerd Belz,4014
http://www.wikidata.org/entity/Q2021873,Maarten Michaël Baas,16914
http://www.wikidata.org/entity/Q18516763,Peter Zegveld,2479
http://www.wikidata.org/entity/Q2170764,Maarten van der Ploeg,1802
http://www.wikidata.org/entity/Q26924754,Theo Kuijpers,3938
http://www.wikidata.org/entity/Q6271426,Jon Rafman,17042
http://www.wikidata.org/entity/Q2347446,Pierre Bastien,5620
http://www.wikidata.org/entity/Q2358669,Studio Azzurro,4264
http://www.wikidata.org/entity/Q6387597,Ken Feingold,24
http://www.wikidata.org/entity/Q23060565,Toine Horvers,3918
http://www.wikidata.org/entity/Q55218967,Monique Moumblow,8982
http://www.wikidata.org/entity/Q55224767,Katleen Vermeir & Ronny Heiremans,15476
http://www.wikidata.org/entity/Q18920276,Woody Vasulka,74
http://www.wikidata.org/entity/Q55235680,Cécile B. Evans,17019
http://www.wikidata.org/entity/Q2523802,Carel Blotkamp,15810
http://www.wikidata.org/entity/Q2747276,Dana Lixenberg,17069
http://www.wikidata.org/entity/Q6780176,Mary Lucier,1505
http://www.wikidata.org/entity/Q51473910,Marshalore,3811
http://www.wikidata.org/entity/Q27928563,Luna Maurer,11683
http://www.wikidata.org/entity/Q3252955,Marijke van Warmerdam,13357
http://www.wikidata.org/entity/Q85100114,Franziska Megert,1556
http://www.wikidata.org/entity/Q28130628,Tromarama,17077
http://www.wikidata.org/entity/Q97397573,Heiner Holtappels,37
http://www.wikidata.org/entity/Q97397574,Klaus Boegel,3755
http://www.wikidata.org/entity/Q97399409,Pieter Cornelissen,3764
http://www.wikidata.org/entity/Q15836731,Nico Crama,4012
http://www.wikidata.org/entity/Q7535651,Skip Blumberg,4079
http://www.wikidata.org/entity/Q106619937,Paul Müller,9950
http://www.wikidata.org/entity/Q15876744,Ina Iris Eichenberg,15912
http://www.wikidata.org/entity/Q106619892,David Garcia,4379
http://www.wikidata.org/entity/Q1970102,Anthon Beeke,392
http://www.wikidata.org/entity/Q1995328,Bill Spinhoven,2097
http://www.wikidata.org/entity/Q106620473,MST,13137
http://www.wikidata.org/entity/Q18516715,Martijn Veldhoen,75
http://www.wikidata.org/entity/Q55218052,Ernest Gusella,3636
http://www.wikidata.org/entity/Q55219661,Yasuo Shinohara,4266
http://www.wikidata.org/entity/Q55219136,Ken Kobland,4192
http://www.wikidata.org/entity/Q55235736,Slobodan Jokić,42
http://www.wikidata.org/entity/Q106619625,Lernert & Sander,15576
http://www.wikidata.org/entity/Q11575342,Koki Tanaka,17131
http://www.wikidata.org/entity/Q106619873,Robert Joseph,3948
http://www.wikidata.org/entity/Q96947642,Yvonne Oerlemans,56
http://www.wikidata.org/entity/Q96947342,Marieken Verheyen,2257
http://www.wikidata.org/entity/Q96986787,Han Bierman,442
http://www.wikidata.org/entity/Q2669704,Louis van Gasteren,869
http://www.wikidata.org/entity/Q2785630,Maurice Nio,53
http://www.wikidata.org/entity/Q6844370,Michel Cardena,18
http://www.wikidata.org/entity/Q106620448,NOX,146
http://www.wikidata.org/entity/Q23639408,John Sanborn,1950
http://www.wikidata.org/entity/Q2926498,Erik van Lieshout,13487
http://www.wikidata.org/entity/Q106619808,Stephen s' Soreff,3710
http://www.wikidata.org/entity/Q106619733,Fransje Jepkes,1189
http://www.wikidata.org/entity/Q106619735,Vic Joseph,1209
http://www.wikidata.org/entity/Q106619995,Naoko Kuratsuka,15947
http://www.wikidata.org/entity/Q106619868,Leonie Bodeving,3937
http://www.wikidata.org/entity/Q106619918,Marjo Schumans,6113
http://www.wikidata.org/entity/Q106619789,Tony Thijssen,2177
http://www.wikidata.org/entity/Q106619814,Arthur Berkhoff,3767
http://www.wikidata.org/entity/Q106620451,Memory of Your Nose,2917
http://www.wikidata.org/entity/Q106619805,Jane Parish,3663
http://www.wikidata.org/entity/Q106619856,Irene Westholm,3886
http://www.wikidata.org/entity/Q106620463,Global Village,4242
http://www.wikidata.org/entity/Q106619799,Dan Dinello,3608
http://www.wikidata.org/entity/Q106620482,Digital Methods Initiative,15971
http://www.wikidata.org/entity/Q106619828,Susan Russel,3823
http://www.wikidata.org/entity/Q106619917,Pia Wergius,5885
http://www.wikidata.org/entity/Q106620001,Helen Zeru,16350
http://www.wikidata.org/entity/Q106620459,Beeldend Theater,3784
http://www.wikidata.org/entity/Q106620457,Viduo,3723
http://www.wikidata.org/entity/Q106619953,Sonia Cillari,13483
http://www.wikidata.org/entity/Q106619996,flyingCity,15968
http://www.wikidata.org/entity/Q106619960,Tom DeWitt,14443
http://www.wikidata.org/entity/Q106619943,Sami Kallinen,12059
http://www.wikidata.org/entity/Q106619947,Rä di Martino,12931
http://www.wikidata.org/entity/Q7031377,Niek Kemps,3950
http://www.wikidata.org/entity/Q106620019,Jacob Dwyer,17006
http://www.wikidata.org/entity/Q97396782,Saskia Lupini,3951
http://www.wikidata.org/entity/Q19592294,Jennifer Pastor,16951
http://www.wikidata.org/entity/Q3047169,Ed Emshwiller,3621
http://www.wikidata.org/entity/Q3159599,Jacques Monory,15920
http://www.wikidata.org/entity/Q7183418,Philip Dadson,15938
http://www.wikidata.org/entity/Q3176729,Jeffrey Shaw,2028
http://www.wikidata.org/entity/Q28124166,Lawrence Abu Hamdan,17124
http://www.wikidata.org/entity/Q19863320,Cristina Lucas,13768
http://www.wikidata.org/entity/Q15729390,Renzo Martens,12091
http://www.wikidata.org/entity/Q106308113,Aysha Quinn,3688
http://www.wikidata.org/entity/Q19938358,Ed Atkins,16996
http://www.wikidata.org/entity/Q7456580,Seth Price,9062
http://www.wikidata.org/entity/Q77350296,John Sturgeon,70
http://www.wikidata.org/entity/Q15874532,Dinie Besems,15908
http://www.wikidata.org/entity/Q15877673,Louise Antonia Maria de Wolf,3954
http://www.wikidata.org/entity/Q20088703,Toos Nijssen,16938
http://www.wikidata.org/entity/Q5075231,Charles Atlas,4094
http://www.wikidata.org/entity/Q106619620,Jayce Salloum & Elia Suleiman,14425
http://www.wikidata.org/entity/Q106619624,Benny Nemerofsky Ramsay & Aleesa Cohene,15518
http://www.wikidata.org/entity/Q73413874,Bob Lens,3883
http://www.wikidata.org/entity/Q11934997,Manuel Saiz,11936
http://www.wikidata.org/entity/Q16107272,Juan Davila,3876
http://www.wikidata.org/entity/Q3737030,Jaan Toomik,12777
http://www.wikidata.org/entity/Q90216,Gerry Schum,3837
http://www.wikidata.org/entity/Q472557,Jannis Kounellis,3777
http://www.wikidata.org/entity/Q158056,Nam June Paik,1734
http://www.wikidata.org/entity/Q28792361,Alison O'Daniel,13481
http://www.wikidata.org/entity/Q52825379,Ezra Eeman,11241
http://www.wikidata.org/entity/Q221732,Paul Mccarthy,9743
http://www.wikidata.org/entity/Q65426415,David Flipse,4253
http://www.wikidata.org/entity/Q283498,General Idea,6730
http://www.wikidata.org/entity/Q320241,Rodney Graham,13769
http://www.wikidata.org/entity/Q29054300,Thierry Kuntzel,1390
http://www.wikidata.org/entity/Q437616,Bill Viola,79
http://www.wikidata.org/entity/Q16660321,Rose Finn-Kelcey,820
http://www.wikidata.org/entity/Q98761643,Mick Hartney,1001
http://www.wikidata.org/entity/Q720832,Chris Burden,3780
http://www.wikidata.org/entity/Q94785536,Ernst Mitzka,12606
http://www.wikidata.org/entity/Q17017434,Bernadette Corporation,16912
http://www.wikidata.org/entity/Q571399,Tony Oursler,1725
http://www.wikidata.org/entity/Q29553998,Sara Rajaei,12833
http://www.wikidata.org/entity/Q29556724,Paulien Oltheten,13891
http://www.wikidata.org/entity/Q21289134,Irene Fortuyn,4030
http://www.wikidata.org/entity/Q828254,Liam Gillick,13777
http://www.wikidata.org/entity/Q874901,Stanley Brouwn,4016
http://www.wikidata.org/entity/Q55235747,De Geuzen,15110
http://www.wikidata.org/entity/Q1146699,Rainer Ruthenbeck,4224
http://www.wikidata.org/entity/Q5387731,Eric Wesley,16916
http://www.wikidata.org/entity/Q99943191,Rick Buckley,566
http://www.wikidata.org/entity/Q55236175,Marie André,4090
http://www.wikidata.org/entity/Q1631809,Howard Fried,15941
http://www.wikidata.org/entity/Q55634001,Steve Hawley,6418
http://www.wikidata.org/entity/Q29422164,Gerco de Ruijter,16885
http://www.wikidata.org/entity/Q807360,Barbara Bloom,4228
http://www.wikidata.org/entity/Q1078617,Christiaan Bastiaans,378
http://www.wikidata.org/entity/Q1097915,Claudia von Alemann,4120
http://www.wikidata.org/entity/Q106619604,Boegel & Holtappels,5655
http://www.wikidata.org/entity/Q7608689,Stephan Beck,14439
http://www.wikidata.org/entity/Q13539263,Matt Mullican,13783
http://www.wikidata.org/entity/Q106619700,Robert Hamilton,33
http://www.wikidata.org/entity/Q6723636,Machine,15917
http://www.wikidata.org/entity/Q13856456,Mieke Gerritzen,13473
http://www.wikidata.org/entity/Q1600075,Heinz Breloh,6468
http://www.wikidata.org/entity/Q22237222,Liza May Post,1813
http://www.wikidata.org/entity/Q1739226,Keren Cytter,14311
http://www.wikidata.org/entity/Q47496,Marina Abramović,4498
http://www.wikidata.org/entity/Q26758628,Herbert Wentscher,2388
http://www.wikidata.org/entity/Q1964408,Nan Hoover,38
http://www.wikidata.org/entity/Q14494706,Titia Ex,3844
http://www.wikidata.org/entity/Q21544337,Michael Gibbs,897
http://www.wikidata.org/entity/Q23071756,Stuart Marshall,3816
http://www.wikidata.org/entity/Q321245,Richard Serra,3911
http://www.wikidata.org/entity/Q85096485,Claude Gaçon,3802
http://www.wikidata.org/entity/Q706475,Steve McQueen,13785
http://www.wikidata.org/entity/Q106619636,Eric Bell & Kristoffer Frick,16954
http://www.wikidata.org/entity/Q106620449,Randelli,1846
http://www.wikidata.org/entity/Q23664322,Helen Marten,16994
http://www.wikidata.org/entity/Q2920487,Nederlands Instituut voor Mediakunst,3668
http://www.wikidata.org/entity/Q19502520,Harrie de Kroon,1344
http://www.wikidata.org/entity/Q67547,Harun Farocki,13422
http://www.wikidata.org/entity/Q3019322,Oscar van Alphen,313
http://www.wikidata.org/entity/Q106619584,Hank Bull & Eric Metcalfe,15
http://www.wikidata.org/entity/Q106619728,Iris Hever,1062
http://www.wikidata.org/entity/Q106619705,Merel Mirage,51
http://www.wikidata.org/entity/Q106619796,Jeroen Wilhelmus,2416
http://www.wikidata.org/entity/Q106619802,Dov Eylath,3626
http://www.wikidata.org/entity/Q106619991,Clarke/Shephard,15937
http://www.wikidata.org/entity/Q106619931,Marcus Kreiss,8950
http://www.wikidata.org/entity/Q106620040,Etcétera,17133
http://www.wikidata.org/entity/Q106619741,Nol de Koning,1310
http://www.wikidata.org/entity/Q106619788,Ivo van Stiphout,2129
http://www.wikidata.org/entity/Q106619780,Rolf Pollen,1807
http://www.wikidata.org/entity/Q106619895,Maarten Sprenger,5130
http://www.wikidata.org/entity/Q106619745,Stephen Littman,1483
http://www.wikidata.org/entity/Q106619879,Morifumi Arimura,4091
http://www.wikidata.org/entity/Q106619999,Pola Chapelle,16332
http://www.wikidata.org/entity/Q106619724,Roel Faassen,802
http://www.wikidata.org/entity/Q106619817,Luz Torsten Seibt,3803
http://www.wikidata.org/entity/Q106619853,Nik Fault,3882
http://www.wikidata.org/entity/Q106619598,René Coelho & Pierre van Berkel,4359
http://www.wikidata.org/entity/Q106619824,Gerard Päs,3813
http://www.wikidata.org/entity/Q106620730,Herbert Capelle,594
http://www.wikidata.org/entity/Q106620453,Auto Awac,3582
http://www.wikidata.org/entity/Q106619944,Display Systems,12605
http://www.wikidata.org/entity/Q106619597,Randy & Berenicci,3899
http://www.wikidata.org/entity/Q106619961,Ron Dubren,14444
http://www.wikidata.org/entity/Q106620462,TBA TV,4106
http://www.wikidata.org/entity/Q106619659,Alexander Ugay & Roman Maskalev,17086
http://www.wikidata.org/entity/Q106619858,Tommy Schneider,3897
http://www.wikidata.org/entity/Q106619812,Hein Reedijk,3759
http://www.wikidata.org/entity/Q106619970,Mario d' Amburgo,15930
http://www.wikidata.org/entity/Q106620464,Made By,4333
http://www.wikidata.org/entity/Q106619615,Bas van Koolwijk & Gert-Jan Prins,13479
http://www.wikidata.org/entity/Q106619888,Matthijs Leijenaar,4316
http://www.wikidata.org/entity/Q106620468,Telewissen,6578
http://www.wikidata.org/entity/Q106619614,John Sturgeon & Aysha Quinn,13470
http://www.wikidata.org/entity/Q106620477,AVÉ,13896
http://www.wikidata.org/entity/Q106619626,Thomas Mohr & Martijn Comes,15578
http://www.wikidata.org/entity/Q106619629,Jan Fabre & Ilya Kabakov,16316
http://www.wikidata.org/entity/Q106619935,Linda Wallace,9345
http://www.wikidata.org/entity/Q19665830,Constant Dullaart,14312
http://www.wikidata.org/entity/Q270388,Jenny Holzer,14058
http://www.wikidata.org/entity/Q65148815,Émeric Lhuisset,17070
http://www.wikidata.org/entity/Q6834473,Michael Smith,2068
http://www.wikidata.org/entity/Q3369739,Jeroen Henneman,3828
http://www.wikidata.org/entity/Q3381070,Phillip Barker,3861
http://www.wikidata.org/entity/Q3484563,Simone Forti,3781
http://www.wikidata.org/entity/Q702439,Jan Fabre,8416
http://www.wikidata.org/entity/Q11929512,Juul Hondius,16950
http://www.wikidata.org/entity/Q276113,Sarah Morris,14011
http://www.wikidata.org/entity/Q3702470,Dara Birnbaum,447
http://www.wikidata.org/entity/Q98760922,Tariq Alvi,15336
http://www.wikidata.org/entity/Q3772753,Godfried Donkor,16955
http://www.wikidata.org/entity/Q61641253,Köken Ergun,13492
http://www.wikidata.org/entity/Q3817219,Juan Downey,22
http://www.wikidata.org/entity/Q267170,Meredith Monk,4181
http://www.wikidata.org/entity/Q123487,Daniel Isaac Feinstein,15925
http://www.wikidata.org/entity/Q61731661,Darcy Lange,1409
http://www.wikidata.org/entity/Q3921955,Michel Szulc-Krzyzanowski,3822
http://www.wikidata.org/entity/Q8022232,Willoughby Sharp,3772
http://www.wikidata.org/entity/Q249985,Jan van Munster,4125
http://www.wikidata.org/entity/Q284264,Nedko Solakov,15841
http://www.wikidata.org/entity/Q328341,Robert Smithson,15807
http://www.wikidata.org/entity/Q366380,Allan Kaprow,3782
http://www.wikidata.org/entity/Q364959,Adolfas Mekas,16333
http://www.wikidata.org/entity/Q4285672,Taus Makhacheva,17125
http://www.wikidata.org/entity/Q465353,Kutluğ Ataman,16924
http://www.wikidata.org/entity/Q168665,Bruce Nauman,4142
http://www.wikidata.org/entity/Q539823,Gábor Bódy,4357
http://www.wikidata.org/entity/Q21033152,Relly Tarlo,3847
http://www.wikidata.org/entity/Q593621,Daniël Buren,3841
http://www.wikidata.org/entity/Q699702,Jonas Mekas,13614
http://www.wikidata.org/entity/Q83286387,Zachary Formwalt,16949
http://www.wikidata.org/entity/Q2693658,Jonas Staal,16935
http://www.wikidata.org/entity/Q96946726,Jano van Gool,15943
http://www.wikidata.org/entity/Q16017720,Giuseppe Chiari,3785
http://www.wikidata.org/entity/Q96987593,Babeth van Loo,5
http://www.wikidata.org/entity/Q19282017,Christoph Draeger,12337
http://www.wikidata.org/entity/Q19296306,Michael Druks,3745
http://www.wikidata.org/entity/Q106620028,Geoffrey Lillemon,17071
http://www.wikidata.org/entity/Q106620446,Fredie Beckmans & Yntse Vugts,6
http://www.wikidata.org/entity/Q106620472,Beide Kunstenaars,12992
http://www.wikidata.org/entity/Q106620450,Sluik / Kurpershoek,2054
http://www.wikidata.org/entity/Q106620014,Janis Rafailidou,16963
http://www.wikidata.org/entity/Q106620030,Brian den Hartog,17074
http://www.wikidata.org/entity/Q106620031,Foundland Collective,17079
http://www.wikidata.org/entity/Q106620458,Lbc Videogroep,3749
http://www.wikidata.org/entity/Q19587492,Anouk De Clercq,12108
http://www.wikidata.org/entity/Q11300527,Sophie Whettnall,8382
http://www.wikidata.org/entity/Q3084333,François Curlet,13778
http://www.wikidata.org/entity/Q7119408,PINK de Thierry,1796
http://www.wikidata.org/entity/Q97397102,Bert Schutter,2010
http://www.wikidata.org/entity/Q97397525,René Beekman,7
http://www.wikidata.org/entity/Q97397061,Joke Robaard,3959
http://www.wikidata.org/entity/Q97396900,Adriaan Nette,1659
http://www.wikidata.org/entity/Q7178627,Petra Cortright,17076
http://www.wikidata.org/entity/Q19727175,Manon de Boer,14435
http://www.wikidata.org/entity/Q19802627,Júlia Ventura,3815
http://www.wikidata.org/entity/Q3305059,Melik Ohanian,13770
http://www.wikidata.org/entity/Q7449380,Semiconductor,13646
http://www.wikidata.org/entity/Q6774612,Martha Wilson,2424
http://www.wikidata.org/entity/Q64778546,Adad Hannah,12021
http://www.wikidata.org/entity/Q15881857,Servaas Schoone,2022
http://www.wikidata.org/entity/Q24262352,Hank Bull,4996
http://www.wikidata.org/entity/Q106619605,Dan Geesin & Esther Rots,8459
http://www.wikidata.org/entity/Q106619693,Simon Biggs,10
http://www.wikidata.org/entity/Q106619716,Lous America,317
http://www.wikidata.org/entity/Q106619631,Martijn van Boven & Tom Tlalim,16367
http://www.wikidata.org/entity/Q106619630,Jan Fabre & Marina Abramovic,16324
http://www.wikidata.org/entity/Q106619641,Anika Schwarzlose & Brian D McKenna,17000
http://www.wikidata.org/entity/Q106619589,A.P. Komen & Karen Murphy,1308
http://www.wikidata.org/entity/Q106619618,Arno Coenen & Peter Leeuwerink,13970
http://www.wikidata.org/entity/Q106619617,Alice Kok & Pascal Lièvre,13968
http://www.wikidata.org/entity/Q106619610,Ian Nichols & Piet Dirkx,13469
http://www.wikidata.org/entity/Q106619607,Benny Nemerofsky Ramsay & Pascal Lièvre,13303
http://www.wikidata.org/entity/Q52605387,Karen Vanderborght,6137
http://www.wikidata.org/entity/Q98098740,Jorgen Leijenaar,15948
http://www.wikidata.org/entity/Q28792372,Anna Winteler,4102
http://www.wikidata.org/entity/Q28792366,Anika Schwarzlose,16998
http://www.wikidata.org/entity/Q243078,Alison Knowles,3809
http://www.wikidata.org/entity/Q267559,Eija-Liisa Ahtila,6588
http://www.wikidata.org/entity/Q273696,Mona Hatoum,3891
http://www.wikidata.org/entity/Q313991,Peter Weibel,2376
http://www.wikidata.org/entity/Q65426374,Christine Koenigs,1289
http://www.wikidata.org/entity/Q343893,Avi Mograbi,13931
http://www.wikidata.org/entity/Q20752585,Pedro Garhel,868
http://www.wikidata.org/entity/Q388005,Cosima von Bonin,17068
http://www.wikidata.org/entity/Q433471,Vito Hannibal Acconci,3739
http://www.wikidata.org/entity/Q495290,Andrea Zittel,16934
http://www.wikidata.org/entity/Q541526,Bob Wilson,3732
http://www.wikidata.org/entity/Q543440,Ulrich Rueckriem,3836
http://www.wikidata.org/entity/Q20976890,Anna Jermolaewa,15914
http://www.wikidata.org/entity/Q21552946,Richard Hefti,1022
http://www.wikidata.org/entity/Q29413549,Gerard Wernars,15926
http://www.wikidata.org/entity/Q4545156,Nicolas Provost,9506
http://www.wikidata.org/entity/Q65970795,Celio Braga,15910
http://www.wikidata.org/entity/Q90724494,Paul Landon,3874
http://www.wikidata.org/entity/Q936935,Johan van der Keuken,1248
http://www.wikidata.org/entity/Q952233,David Wojnarowicz,15927
http://www.wikidata.org/entity/Q21469874,Jennifer Tee,9199
http://www.wikidata.org/entity/Q989861,Rirkrit Tiravanija,13776
http://www.wikidata.org/entity/Q21545004,Robbie Cornelissen,13476
http://www.wikidata.org/entity/Q1085745,Christoph Rütimann,12597
http://www.wikidata.org/entity/Q1098459,Klaus Böhmler,3806
http://www.wikidata.org/entity/Q9096584,Xavier Villaverde,3893
http://www.wikidata.org/entity/Q1241051,Erwin Olaf,9628
http://www.wikidata.org/entity/Q95321034,Harald Ortlieb,6633
http://www.wikidata.org/entity/Q1282036,VPRO,9990
http://www.wikidata.org/entity/Q95344858,Knut Gerwers,27
http://www.wikidata.org/entity/Q5230889,David Askevold,3790
http://www.wikidata.org/entity/Q13574446,Driessens & Verstappen,8938
http://www.wikidata.org/entity/Q5301405,Douglas Davis,3747
http://www.wikidata.org/entity/Q1418219,Jean-François Guiton,32
http://www.wikidata.org/entity/Q1575380,Hanery Amman,7415
http://www.wikidata.org/entity/Q43380471,Michael Morris,3797
http://www.wikidata.org/entity/Q1715360,Jorg Herold,14033
http://www.wikidata.org/entity/Q55282,Peter Greenaway,4144
http://www.wikidata.org/entity/Q1907680,Barbara Visser,7838
http://www.wikidata.org/entity/Q1926163,Mevis & Van Deursen,15919
http://www.wikidata.org/entity/Q2020501,Oliver Ressler,17138
http://www.wikidata.org/entity/Q5980440,Iain Forsyth en Jane Pollard,13486
http://www.wikidata.org/entity/Q2077879,Peter Roehr,4274
http://www.wikidata.org/entity/Q18508635,Rossella Biscotti,16205
http://www.wikidata.org/entity/Q84056519,Jan van Nuenen,10777
http://www.wikidata.org/entity/Q6055998,Gülsün Karamustafa,13782
http://www.wikidata.org/entity/Q2201564,Hans van der Meer,13559
http://www.wikidata.org/entity/Q2204202,Eboman,15911
http://www.wikidata.org/entity/Q2190887,Micha Klein,11388
http://www.wikidata.org/entity/Q105092922,Antonello Faretta,13730
http://www.wikidata.org/entity/Q55236291,Oliver Laric,14305
http://www.wikidata.org/entity/Q2637678,David Salle,3773
http://www.wikidata.org/entity/Q2586677,Giny Vos,2330
http://www.wikidata.org/entity/Q2606349,Rob Johannesma,13167
http://www.wikidata.org/entity/Q1320628,Suchan Kinoshita,15803
http://www.wikidata.org/entity/Q1823675,Lidwien van de Ven,15076
http://www.wikidata.org/entity/Q1442795,Qiu Zhijie,17136
http://www.wikidata.org/entity/Q1460607,Friedrich Kunath,13753
http://www.wikidata.org/entity/Q22237655,Roy Villevoye,12066
http://www.wikidata.org/entity/Q22237489,Tiong Ang,9161
http://www.wikidata.org/entity/Q55236395,Sean Snyder,15109
http://www.wikidata.org/entity/Q50505601,Cornelia Wyngaarden,4331
http://www.wikidata.org/entity/Q5659017,Harm van den Dorpel,14314
http://www.wikidata.org/entity/Q1903807,Michiel van Bakel,7804
http://www.wikidata.org/entity/Q26877286,Frederieke Jochems,1194
http://www.wikidata.org/entity/Q106619851,Peter Hesseldahl,3873
http://www.wikidata.org/entity/Q2080401,Rogier Proper,3930
http://www.wikidata.org/entity/Q18560540,Lon Robbé,15818
http://www.wikidata.org/entity/Q27042918,Vincent Meessen,15290
http://www.wikidata.org/entity/Q55218948,Michal Shabtay,67
http://www.wikidata.org/entity/Q55236190,Martijn Hendriks,15143
http://www.wikidata.org/entity/Q106619752,Thomas Mohr,1596
http://www.wikidata.org/entity/Q23060814,Gusztav Hamos,3637
http://www.wikidata.org/entity/Q2378116,Vuk Ćosić,17078
http://www.wikidata.org/entity/Q55403000,Nigel Rolfe,3826
http://www.wikidata.org/entity/Q2419755,Fiona Tan,71
http://www.wikidata.org/entity/Q2422230,Gerard Hadders,15944
http://www.wikidata.org/entity/Q2520789,Alan Sonfist,3775
http://www.wikidata.org/entity/Q2604704,Walter Verdin,77
http://www.wikidata.org/entity/Q2753903,Roderick Hietbrink,16958
http://www.wikidata.org/entity/Q19299313,Ron Hays,3640
http://www.wikidata.org/entity/Q35828924,Corinna Schnitt,10556
http://www.wikidata.org/entity/Q2780603,Joost Conijn,8942
http://www.wikidata.org/entity/Q106619751,Norbert Meissner,1562
http://www.wikidata.org/entity/Q106619742,Carel Kuitenbrouwer,1359
http://www.wikidata.org/entity/Q106619699,Sian Evans,23
http://www.wikidata.org/entity/Q106619740,Albertus Paulus Komen,1307
http://www.wikidata.org/entity/Q106619739,Floris Kolvenbach,1306
http://www.wikidata.org/entity/Q106619827,Sam Schoenbaum,3820
http://www.wikidata.org/entity/Q106619939,Pierre-Yves Cruaud,11240
http://www.wikidata.org/entity/Q106619748,Henk Lotsy,1498
http://www.wikidata.org/entity/Q106619927,Lily Markiewicz,7448
http://www.wikidata.org/entity/Q106620107,Marcello Mercado,1569
http://www.wikidata.org/entity/Q106619876,Kees Boas,3961
http://www.wikidata.org/entity/Q106619801,Ap Esenbrink,3622
http://www.wikidata.org/entity/Q106620460,Talking Back To The Media,3878
http://www.wikidata.org/entity/Q106619729,Tom Hickmore,1065
http://www.wikidata.org/entity/Q106619794,Margaret Warwick,2364
http://www.wikidata.org/entity/Q106619883,Edmondo Za,4221
http://www.wikidata.org/entity/Q106619797,Brandon Cavallari,3599
http://www.wikidata.org/entity/Q106619832,Jana Haimsohn,3839
http://www.wikidata.org/entity/Q106620474,Telcosystems,13732
http://www.wikidata.org/entity/Q106619971,Michael Balser,15931
http://www.wikidata.org/entity/Q106619933,Janneke Küpfer,9206
http://www.wikidata.org/entity/Q106620109,Pieter-Paul Mortier,8518
http://www.wikidata.org/entity/Q106619825,Jantje Tetelepha,3814
http://www.wikidata.org/entity/Q106620478,David Valentine / MediaShed,14205
http://www.wikidata.org/entity/Q106619993,Elsbeth Dijkstra,15940
http://www.wikidata.org/entity/Q106620016,Danit Elgev,17003
http://www.wikidata.org/entity/Q106619656,Pierre Joseph & Medhi Belhaj Kacem,17083
http://www.wikidata.org/entity/Q15450841,Hermine Freed,9068
http://www.wikidata.org/entity/Q19663781,Julika Rudelius,10297
http://www.wikidata.org/entity/Q24049112,Melanie Bonajo,16967
http://www.wikidata.org/entity/Q24073735,Roos Theuws,2174
http://www.wikidata.org/entity/Q106619784,Peter Savage,1960
http://www.wikidata.org/entity/Q16145906,Robin Winters,4220
http://www.wikidata.org/entity/Q12034152,Lucia Nimcová,16960
http://www.wikidata.org/entity/Q69562,Ulay,2223
http://www.wikidata.org/entity/Q18508332,James Beckett,13399
http://www.wikidata.org/entity/Q16213332,Guido van der Werve,10506
http://www.wikidata.org/entity/Q106620456,Sket,3704
http://www.wikidata.org/entity/Q102711,Dennis Hopper,15929
http://www.wikidata.org/entity/Q110457,Michael Bielický,9
http://www.wikidata.org/entity/Q61054762,Sonja Wyss,2456
http://www.wikidata.org/entity/Q28777050,Els Opsomer,12755
http://www.wikidata.org/entity/Q3887122,Otobong Nkanga,17075
http://www.wikidata.org/entity/Q20528492,Eglė Budvytytė,16956
http://www.wikidata.org/entity/Q61119122,Ariani Darmawan,16136
http://www.wikidata.org/entity/Q28873423,Marnix de Nijs,5993
http://www.wikidata.org/entity/Q28911659,Joan Braderman,15932
http://www.wikidata.org/entity/Q235066,Laurie Anderson,324
http://www.wikidata.org/entity/Q47417664,Paul Dougherty,3756
http://www.wikidata.org/entity/Q292115,Susan Hiller,3871
http://www.wikidata.org/entity/Q376770,Beat Streuli,13751
http://www.wikidata.org/entity/Q543294,Mike Kelley,12649
http://www.wikidata.org/entity/Q439856,Dennis Oppenheim,3978
http://www.wikidata.org/entity/Q442192,Rebecca Horn,8436
http://www.wikidata.org/entity/Q2545780,Gary Hill,4483
http://www.wikidata.org/entity/Q680192,Lawrence Weiner,3753
http://www.wikidata.org/entity/Q515658,Guerrilla Girls,3968
http://www.wikidata.org/entity/Q514459,Diana Thater,15812
http://www.wikidata.org/entity/Q567421,Mark DiSuvero,4273
http://www.wikidata.org/entity/Q41278233,Hans Hamers,15945
http://www.wikidata.org/entity/Q29552502,Sander Breure & Witte van Hulzen,15928
http://www.wikidata.org/entity/Q29557026,Florian Hofnar Krepcik,16866
http://www.wikidata.org/entity/Q29574240,Theo van Meerendonk,15951
http://www.wikidata.org/entity/Q829004,David Lamelas,14960
http://www.wikidata.org/entity/Q1512152,Gerhard Merz,12621
http://www.wikidata.org/entity/Q6136178,Surasi Kusolwong,17123
http://www.wikidata.org/entity/Q9079469,Shiho Kanou,11312
http://www.wikidata.org/entity/Q17466408,Pauline Boudry & Renate Lorenz,17132
http://www.wikidata.org/entity/Q9281181,Azorro Group,13148
http://www.wikidata.org/entity/Q1282569,Ed van der Elsken,15913
http://www.wikidata.org/entity/Q5210444,Dale Franks,4024
http://www.wikidata.org/entity/Q359329,Dick Raaymakers,1836
http://www.wikidata.org/entity/Q477322,Artur Żmijewski,15160
http://www.wikidata.org/entity/Q477388,Marinus Boezem,3620
http://www.wikidata.org/entity/Q513343,Klara Liden,13752
http://www.wikidata.org/entity/Q29939705,Abramović/Ulay,3
http://www.wikidata.org/entity/Q651376,Herman Nitsch,14648
http://www.wikidata.org/entity/Q4696211,Ahmet Ögüt,16933
http://www.wikidata.org/entity/Q826569,Gino De Dominicis,3842
http://www.wikidata.org/entity/Q830712,Klaus Rinke,4249
http://www.wikidata.org/entity/Q953717,Gordon Matta-Clark,15950
http://www.wikidata.org/entity/Q4943206,Martha Colburn,13445
http://www.wikidata.org/entity/Q20004897,Judith Barry,3752
http://www.wikidata.org/entity/Q18023286,Les Levine,3779
http://www.wikidata.org/entity/Q106619662,Stuart Brisley & Ken McMullen,17089
http://www.wikidata.org/entity/Q2316873,Rob Scholte,15954
http://www.wikidata.org/entity/Q20054849,Bouchra Khalili,14949
http://www.wikidata.org/entity/Q55218410,Jayce Salloum,62
http://www.wikidata.org/entity/Q55217992,Ros Barron,14450
http://www.wikidata.org/entity/Q55219673,Edward Rankus,4215
http://www.wikidata.org/entity/Q1689162,Jim Melchert,15952
http://www.wikidata.org/entity/Q55235188,Lonnie Van Brummelen & Siebren De Haan,16975
http://www.wikidata.org/entity/Q5777096,Colegio Oficial de Arquitectos de Madrid,5912
http://www.wikidata.org/entity/Q43101974,Uwe Poth,3949
http://www.wikidata.org/entity/Q106619940,Jan de Bruin,11749
http://www.wikidata.org/entity/Q1919787,Melvin Moti,13498
http://www.wikidata.org/entity/Q2005709,Christine Chiffrun,3770
http://www.wikidata.org/entity/Q96944291,Bea de Visser,2293
http://www.wikidata.org/entity/Q96944772,Loes Heebink,1017
http://www.wikidata.org/entity/Q96945716,Sabine Mooibroek,5988
http://www.wikidata.org/entity/Q106619957,Cláudia Cristóvão,13754
http://www.wikidata.org/entity/Q96988540,Diana Scherer,15840
http://www.wikidata.org/entity/Q10336373,Nervoso,3674
http://www.wikidata.org/entity/Q106619658,Paul McCarthy & Mike Kelley,17085
http://www.wikidata.org/entity/Q2221187,Antal Sandro,4250
http://www.wikidata.org/entity/Q18729512,Andy Mann,15949
http://www.wikidata.org/entity/Q2460190,Willem de Ridder,3832
http://www.wikidata.org/entity/Q2463442,Woody van Amen,10087
http://www.wikidata.org/entity/Q354241,Wim T. Schippers,3812
http://www.wikidata.org/entity/Q2675312,Deimantas Narkevicius,15842
http://www.wikidata.org/entity/Q19277475,Claudia Solal,16965
http://www.wikidata.org/entity/Q52185720,Kurt d'Haeseleer,9671
http://www.wikidata.org/entity/Q56393773,Tintin Wulia,15843
http://www.wikidata.org/entity/Q56493121,Stansfield/Hooykaas,1108
http://www.wikidata.org/entity/Q6969759,Nathaniel Mellors,14857
http://www.wikidata.org/entity/Q106619714,Mark Wilcox,80
http://www.wikidata.org/entity/Q6131559,James Coleman,3791
http://www.wikidata.org/entity/Q19587594,Esther Polak,15521
http://www.wikidata.org/entity/Q106619585,David Garcia & Annie Wright,25
http://www.wikidata.org/entity/Q106619691,Lawrence Andrews,4
http://www.wikidata.org/entity/Q106619697,eddie d,20
http://www.wikidata.org/entity/Q106619710,Matthew Schlanger,64
http://www.wikidata.org/entity/Q106619603,Bedeaux & Tarlo,5632
http://www.wikidata.org/entity/Q106619588,Michiel Vijselaar & Tjarda Sixma,78
http://www.wikidata.org/entity/Q106619860,Andrew Stones,3900
http://www.wikidata.org/entity/Q106620105,Joshua Janssen,1184
http://www.wikidata.org/entity/Q106619845,Sigrun Hardardottir,3843
http://www.wikidata.org/entity/Q106619738,Axel Klepsch,1267
http://www.wikidata.org/entity/Q106619959,Oshri Even-Zohar,14154
http://www.wikidata.org/entity/Q106619782,Joan Pueyo,1828
http://www.wikidata.org/entity/Q106619926,Niels Radtke,7022
http://www.wikidata.org/entity/Q106619890,Adele Lister,4334
http://www.wikidata.org/entity/Q106619732,Elle Jansen,1180
http://www.wikidata.org/entity/Q106619952,Miranda Pennell,13477
http://www.wikidata.org/entity/Q106620461,Etant Donnés,3887
http://www.wikidata.org/entity/Q106620483,Kimberly Clark,16225
http://www.wikidata.org/entity/Q106619994,Paul en Marlene Kos,15946
http://www.wikidata.org/entity/Q106619854,Hania Leszman,3884
http://www.wikidata.org/entity/Q106619619,Joanna Rytel & Alban Muja,13993
http://www.wikidata.org/entity/Q106619928,Lin de Mol,8368
http://www.wikidata.org/entity/Q106619963,Thor Elis Palsson,15211
http://www.wikidata.org/entity/Q106619930,Jeroen Offerman,8774
http://www.wikidata.org/entity/Q106619609,Claude Gacon & Luz Thorsten Seibt,13468
http://www.wikidata.org/entity/Q106619606,Lex Wechgelaar & Marit Wechgelaar,8499
http://www.wikidata.org/entity/Q106619893,Martin Takken,4515
http://www.wikidata.org/entity/Q106619602,Arno Coenen & René Bosma,4695
http://www.wikidata.org/entity/Q106620470,Vereniging van Videokunstenaars,9951
http://www.wikidata.org/entity/Q106619997,Katerina Zdjelar,16025
http://www.wikidata.org/entity/Q106620018,Judith Westerveld,17005
http://www.wikidata.org/entity/Q106619992,Pauline Daniëls,15939
http://www.wikidata.org/entity/Q106619871,Johan Oskam,3943
http://www.wikidata.org/entity/Q106619810,Paul Wagenaer,3728
http://www.wikidata.org/entity/Q106620034,unknown FHM 01,17092
http://www.wikidata.org/entity/Q73413198,Tom Klinkowstein,1271
http://www.wikidata.org/entity/Q15488432,Matt Stokes,16867
http://www.wikidata.org/entity/Q106620038,Nan Wang,17106
http://www.wikidata.org/entity/Q3318456,Mohamed Bourouissa,17073
http://www.wikidata.org/entity/Q106619885,Antonio Cano,4233
http://www.wikidata.org/entity/Q19958892,Marco Bagnoli,15353
http://www.wikidata.org/entity/Q7442400,Sebastián Díaz Morales,10228
http://www.wikidata.org/entity/Q1846544,Jacques van der Heijden,10819
http://www.wikidata.org/entity/Q15977910,Coleen Fitzgibbon,3750
http://www.wikidata.org/entity/Q98686754,Caitlin Hulscher,1137
http://www.wikidata.org/entity/Q20310556,Wendelien van Oldenborgh,16961
http://www.wikidata.org/entity/Q98443271,Kees de Groot,950
http://www.wikidata.org/entity/Q116054,Pipilotti Rist,5648
http://www.wikidata.org/entity/Q3870203,Naomi Shohan,4230
http://www.wikidata.org/entity/Q160448,László Moholy-Nagy,13771
http://www.wikidata.org/entity/Q29436299,Ronald in 't Hout,3947
http://www.wikidata.org/entity/Q269828,Rineke Dijkstra,6254
http://www.wikidata.org/entity/Q29575001,Jacco Olivier,13482
http://www.wikidata.org/entity/Q2706817,Peter Struycken,2144
http://www.wikidata.org/entity/Q53099306,Antonin De Bemels,10351
http://www.wikidata.org/entity/Q3741556,Jens Lien,6770
http://www.wikidata.org/entity/Q20937915,Edin Velez,4209
http://www.wikidata.org/entity/Q3782513,Hala El Koussy,16947
http://www.wikidata.org/entity/Q106619916,Daniel Brun,5688
http://www.wikidata.org/entity/Q106620108,Robert Arnold,7501
http://www.wikidata.org/entity/Q41264108,Hannes van Es,3942
http://www.wikidata.org/entity/Q241185,Tracey Emin,13700
http://www.wikidata.org/entity/Q29553526,Falke Pisano,16962
http://www.wikidata.org/entity/Q29560603,Jasper van den Brink,542
http://www.wikidata.org/entity/Q29574962,Henri Plaat,4099
http://www.wikidata.org/entity/Q321632,Anton Heyboer,4015
http://www.wikidata.org/entity/Q381167,Aernout Mik,9872
http://www.wikidata.org/entity/Q41546027,Gloria Camiruaga,15934
http://www.wikidata.org/entity/Q469073,Yael Bartana,10229
http://www.wikidata.org/entity/Q666092,William Kentridge,13102
http://www.wikidata.org/entity/Q527373,Anne-Mie Van Kerckhoven,3795
http://www.wikidata.org/entity/Q538986,Lynda Benglis,9069
http://www.wikidata.org/entity/Q21544766,Pieter Baan Müller,3670
http://www.wikidata.org/entity/Q21545573,Ingrid Claessen,3833
http://www.wikidata.org/entity/Q558288,Francis Alÿs,13104
http://www.wikidata.org/entity/Q569003,Brian Eno,4229
http://www.wikidata.org/entity/Q1446682,Franz Erhard Walther,4226
http://www.wikidata.org/entity/Q648761,Marcel Wanders,16995
http://www.wikidata.org/entity/Q739180,Ulises Carrion,19
http://www.wikidata.org/entity/Q180727,John Cage,4013
http://www.wikidata.org/entity/Q4701629,Akram Zaatari,16940
http://www.wikidata.org/entity/Q106620015,Mark Boulos,16966
http://www.wikidata.org/entity/Q947548,Mounir Fatmi,13960
http://www.wikidata.org/entity/Q4890028,Benny Nemerofsky Ramsay,11365
http://www.wikidata.org/entity/Q1055046,Hopp-Halász Károly,3991
http://www.wikidata.org/entity/Q5023364,Johan Grimonprez,31
http://www.wikidata.org/entity/Q1122322,Pieter Engels,3742
http://www.wikidata.org/entity/Q5041755,Carlos Amorales,7422
http://www.wikidata.org/entity/Q106619813,Robert Goldman,3761
http://www.wikidata.org/entity/Q465168,Robert Morris,15921
http://www.wikidata.org/entity/Q1269096,Grayson Perry,15922
http://www.wikidata.org/entity/Q106620484,IRWIN,16939
http://www.wikidata.org/entity/Q1300788,Urs Lüthi,3783
http://www.wikidata.org/entity/Q273205,Andrea Fraser,10337
http://www.wikidata.org/entity/Q55219214,Richard Layzell,1424
http://www.wikidata.org/entity/Q22937171,Krijn Giezen,4007
http://www.wikidata.org/entity/Q37327,Samuel Beckett,14017
http://www.wikidata.org/entity/Q1881669,Marijke de Goey,915
http://www.wikidata.org/entity/Q1942654,Rabih Mroué,16981
http://www.wikidata.org/entity/Q96944643,Rene Coelho,3602
http://www.wikidata.org/entity/Q96950592,Albert van Westing,7924
http://www.wikidata.org/entity/Q96961680,Suska Mackert,15273
http://www.wikidata.org/entity/Q106619855,Theo van der Poel,3885
http://www.wikidata.org/entity/Q4817819,Atsushi Ogata,57
http://www.wikidata.org/entity/Q106620026,Emilio Moreno,17064
http://www.wikidata.org/entity/Q62609793,Ian Nichols,3799
http://www.wikidata.org/entity/Q2406301,Antonio Muntadas,52
http://www.wikidata.org/entity/Q97397298,Marja Samsom,3824
http://www.wikidata.org/entity/Q97398208,Jeroen Kooijmans,1314
http://www.wikidata.org/entity/Q97396913,Dorus Nijholt,4341
http://www.wikidata.org/entity/Q2530866,Volker Anding,3879
http://www.wikidata.org/entity/Q705225,Christian Boltanski,3778
http://www.wikidata.org/entity/Q2680640,Frits Maats,11190
http://www.wikidata.org/entity/Q970960,Philippe Parreno,13780
http://www.wikidata.org/entity/Q106314027,Donna Verheijden,16861
http://www.wikidata.org/entity/Q24058193,Waldo Bien,4231
http://www.wikidata.org/entity/Q1806359,Superflex,17122
http://www.wikidata.org/entity/Q1252327,Douglas Gordon,13775
http://www.wikidata.org/entity/Q2864602,Job Koelewijn,15757
http://www.wikidata.org/entity/Q2915356,JODI,13247
http://www.wikidata.org/entity/Q106619702,Wim Liebrand,47
http://www.wikidata.org/entity/Q106619955,Martijn van Boven,13575
http://www.wikidata.org/entity/Q106619783,Marshall Reese,1859
http://www.wikidata.org/entity/Q106620037,Maria Molina Peiró,17105
http://www.wikidata.org/entity/Q106620454,The Basement Group - Projects UK,3586
http://www.wikidata.org/entity/Q106620467,Brighton Polytecnic,5676
http://www.wikidata.org/entity/Q106619594,Dana Atchley & Eric Metcalfe,3875
http://www.wikidata.org/entity/Q106619846,Terence William Cooke,3863
http://www.wikidata.org/entity/Q106619919,Karin Bosch,6181
http://www.wikidata.org/entity/Q106619600,Eric Lanz & Marie José Bürki,4488
http://www.wikidata.org/entity/Q106619958,Nina Yuen,13980
http://www.wikidata.org/entity/Q106619925,Valérie Pavia,6738
http://www.wikidata.org/entity/Q106619848,Jose-Antonio Hergueta,3867
http://www.wikidata.org/entity/Q106620480,Downtown Community TV,14440
http://www.wikidata.org/entity/Q106620021,"Manuel Saiz, Erik Bünger, Steven Cuzner",17022
http://www.wikidata.org/entity/Q106619622,"Lous America, David Garcia, Henk Wijnen & Annie Wright",14896
http://www.wikidata.org/entity/Q106620002,Jacobus van Looy,16849
http://www.wikidata.org/entity/Q106620007,Lyubov Matyunina,16887
http://www.wikidata.org/entity/Q106620485,"Museum of American Art, Berlin",16941
http://www.wikidata.org/entity/Q106620012,Jean-Baptiste Maitre,16959
http://www.wikidata.org/entity/Q106620039,Hannah Hurtzig,17120
http://www.wikidata.org/entity/Q106619972,Breed en van Elden,15933
http://www.wikidata.org/entity/Q106620029,Heimo und UTV Zobernig,17072
http://www.wikidata.org/entity/Q106620033,Anouk De Clercq & Tom Callemin,17082
http://www.wikidata.org/entity/Q3052925,Emmanuelle Antille,7849
http://www.wikidata.org/entity/Q85850294,Broersen & Lukács,12092
http://www.wikidata.org/entity/Q3153595,Arnoud Holleman,15671
http://www.wikidata.org/entity/Q65163333,Claudio Goulart,29
http://www.wikidata.org/entity/Q2337477,Stefan Römer,13869
http://www.wikidata.org/entity/Q3335580,Nancy Holt,4276
http://www.wikidata.org/entity/Q65426062,Arthur Kleinjan,17104
http://www.wikidata.org/entity/Q28944109,Swip Stolk,2137
http://www.wikidata.org/entity/Q3482323,Steina en Woody Vasulka,72
http://www.wikidata.org/entity/Q16015681,Jacob Zekveld,4045
http://www.wikidata.org/entity/Q29551724,Jakup Ferri,16160
http://www.wikidata.org/entity/Q16197269,Frances Stark,16976
http://www.wikidata.org/entity/Q7876490,UBERMORGEN.COM,15512
http://www.wikidata.org/entity/Q52894026,Theo Lenders,3895
http://www.wikidata.org/entity/Q65428523,Abdellatif Benfaidoul,15849
http://www.wikidata.org/entity/Q28935103,Loretta Fahrenholz,16991
http://www.wikidata.org/entity/Q16419647,Asta Olafsdottir,3808
http://www.wikidata.org/entity/Q20679431,Reynold Weidenaar,3729
http://www.wikidata.org/entity/Q106619949,Jeremy Drummond,13117
http://www.wikidata.org/entity/Q106620035,Daniel Jacoby,17099
http://www.wikidata.org/entity/Q16727313,Max Almy,4036
http://www.wikidata.org/entity/Q71841,Vom Bruch Klaus,13
http://www.wikidata.org/entity/Q153965,Joseph Beuys,3916
http://www.wikidata.org/entity/Q96742,Marcel Odenbach,55
http://www.wikidata.org/entity/Q119808,Luciano Castelli,3746
http://www.wikidata.org/entity/Q61755480,Kees Hin,1069
http://www.wikidata.org/entity/Q16968866,Lydia Schouten,66
http://www.wikidata.org/entity/Q29559612,Servie Janssen,4254
http://www.wikidata.org/entity/Q317874,Ant Farm,8443
http://www.wikidata.org/entity/Q328106,Jason Rhoades,15966
http://www.wikidata.org/entity/Q531113,Johanna Billing,15845
http://www.wikidata.org/entity/Q99457279,Michel Quarez,15923
http://www.wikidata.org/entity/Q21544883,Frans Beerens,15203
http://www.wikidata.org/entity/Q95325417,Gerrit Dekker,3758
http://www.wikidata.org/entity/Q671056,Lara Schnitger,15808
http://www.wikidata.org/entity/Q698436,Dan Graham,30
http://www.wikidata.org/entity/Q698877,Mario Merz,6627
http://www.wikidata.org/entity/Q62392802,Jeep van de Bundt,571
http://www.wikidata.org/entity/Q816649,Ben d'Armagnac,9203
http://www.wikidata.org/entity/Q13653414,Han Schuil,15955
http://www.wikidata.org/entity/Q6848974,Mike Stubbs,2145
http://www.wikidata.org/entity/Q5515721,Gabriel Lester,13398
http://www.wikidata.org/entity/Q22235740,Sven Augustijnen,8437
http://www.wikidata.org/entity/Q22236722,Jeroen Eisinga,8224
http://www.wikidata.org/entity/Q5548303,Georgina Starr,2107
http://www.wikidata.org/entity/Q106619661,Zoe Leonard & Catherine Gund,17088
http://www.wikidata.org/entity/Q5649846,Hans Breder,3866
http://www.wikidata.org/entity/Q30686734,Tony Labat,4160
http://www.wikidata.org/entity/Q18191519,Buky Grinberg,3848
http://www.wikidata.org/entity/Q6028333,Ine Poppe,3769
http://www.wikidata.org/entity/Q27043371,Janet Merewether,7446
http://www.wikidata.org/entity/Q55235969,Jennifer Bornstein,16913
http://www.wikidata.org/entity/Q19938833,Wim Gijzen,3807
http://www.wikidata.org/entity/Q32292837,Astrid Heibach,1024
http://www.wikidata.org/entity/Q567366,William Wegman,3849
http://www.wikidata.org/entity/Q43078535,Betsy Damon,3757
http://www.wikidata.org/entity/Q22670670,Daniel Reeves,6419
http://www.wikidata.org/entity/Q18920314,Steina Vasulka,73
http://www.wikidata.org/entity/Q29552443,Kaweh Modiri,15763
http://www.wikidata.org/entity/Q96986747,Marcelle van Bemmel,8
http://www.wikidata.org/entity/Q96987070,Nicky Zwaan,6043
http://www.wikidata.org/entity/Q19279749,Frank Gillette,14446
http://www.wikidata.org/entity/Q6847305,Mike Hoolboom,7431
http://www.wikidata.org/entity/Q97399386,Dorita Savert,1961
http://www.wikidata.org/entity/Q106620027,Amol K Patil,17065
http://www.wikidata.org/entity/Q6976595,Roee Rosen,16224
http://www.wikidata.org/entity/Q19559939,Pola Weiss,3730
http://www.wikidata.org/entity/Q106619923,Anders Thorén,6486
http://www.wikidata.org/entity/Q5926038,Jan van de Pavert,1756
http://www.wikidata.org/entity/Q7293996,Rafael Montañez Ortiz,1715
http://www.wikidata.org/entity/Q77350368,Seoungho Cho,8435
http://www.wikidata.org/entity/Q102156440,Tobias Schalken,5913
http://www.wikidata.org/entity/Q6768586,Mark Lewis,7619
http://www.wikidata.org/entity/Q7493916,Shelly Silver,68
http://www.wikidata.org/entity/Q52473714,Frank Vranckx,2332
http://www.wikidata.org/entity/Q106619608,Arno Coenen & Transformer di Roboter,13361
http://www.wikidata.org/entity/Q106619707,Rene Reitzema,59
http://www.wikidata.org/entity/Q106619695,Marc Burkett,17
http://www.wikidata.org/entity/Q106619922,Henk Heideveld,6483
http://www.wikidata.org/entity/Q106619591,Tomiyo Sasaki & Ernest Gusella,1956
http://www.wikidata.org/entity/Q106619880,New Electric Video Group Eindhoven,4113
http://www.wikidata.org/entity/Q106619786,Celia Shapiro,2026
http://www.wikidata.org/entity/Q106619781,Flavio Pons,1808
http://www.wikidata.org/entity/Q106619654,Arthur Elsenaar & Remko Scha,17036
http://www.wikidata.org/entity/Q106619599,Jaap de Jonge & David Garcia,4486
http://www.wikidata.org/entity/Q106619886,Mieke Caris,4235
http://www.wikidata.org/entity/Q106620041,Didem Pekün,17134
http://www.wikidata.org/entity/Q106620042,Julieta García Vazquez,17135
http://www.wikidata.org/entity/Q106619709,PJ Roggeband,60
http://www.wikidata.org/entity/Q106619719,Trevor Batten,380
http://www.wikidata.org/entity/Q106619934,Börries Müller-Büsching,9344
http://www.wikidata.org/entity/Q106619663,Sjoerd ter Borg & Mark Jan van Tellingen,17098
http://www.wikidata.org/entity/Q106619800,Geert Duintjer,3613
http://www.wikidata.org/entity/Q106620466,Kiss/Cantu/Hamos,4394
http://www.wikidata.org/entity/Q106619938,Leon Grodski de Barrera,10826
http://www.wikidata.org/entity/Q106620022,Zeno van den Broek,17029
http://www.wikidata.org/entity/Q106619634,Geert Mul & Michel Banabila,16886
http://www.wikidata.org/entity/Q106620020,Valerie van Zuijlen,17017
http://www.wikidata.org/entity/Q106619861,Simon Robertshaw,3902
http://www.wikidata.org/entity/Q106620455,E.S.I. Vidago,3623
http://www.wikidata.org/entity/Q106619852,Kamal Kozah,3881
http://www.wikidata.org/entity/Q106619877,Kees Endenburg,4011
http://www.wikidata.org/entity/Q106619621,Jayce Salloum & Walid Ra'ad,14429
http://www.wikidata.org/entity/Q106619881,Edward Mowbray,4179
http://www.wikidata.org/entity/Q106620479,Roy Villevoye and Jan Dietvorst,14436
http://www.wikidata.org/entity/Q106619655,Daniel Jacoby & Yu Araki,17063
http://www.wikidata.org/entity/Q106619633,Sanja Ivekovic & Dalibor Martinis,16882
http://www.wikidata.org/entity/Q106619628,Yin-Ju Chen & James T. Hong,16223
http://www.wikidata.org/entity/Q20184512,Eric Lanz,3657
http://www.wikidata.org/entity/Q106314002,Bart Dijkman,21
http://www.wikidata.org/entity/Q23998069,Mounira Al Solh,14463
http://www.wikidata.org/entity/Q24073733,Peter Baren,367
http://www.wikidata.org/entity/Q19895031,Alicia Framis,6611
http://www.wikidata.org/entity/Q1370630,Pierre Huyghe,13106
http://www.wikidata.org/entity/Q3289592,Moniek Toebosch,2194
http://www.wikidata.org/entity/Q3434714,Robert Cahen,586
http://www.wikidata.org/entity/Q106619694,Peter Bogers,12
http://www.wikidata.org/entity/Q106619718,Mark Bain,349
http://www.wikidata.org/entity/Q106619806,Eusebio Morin,3669
http://www.wikidata.org/entity/Q106619870,Jan Donia,3940
http://www.wikidata.org/entity/Q106619874,Jeanette Loeb,3953
http://www.wikidata.org/entity/Q106619639,Laszlo Moholy-Nagy & Alexander Dorner,16989
http://www.wikidata.org/entity/Q106619744,Christina Linaris,1473
http://www.wikidata.org/entity/Q106619721,Joep van der Borgh,504
http://www.wikidata.org/entity/Q106619889,Bram Geerlings,4328
http://www.wikidata.org/entity/Q106619723,Lei Cox,644
http://www.wikidata.org/entity/Q106620469,reMi,9083
http://www.wikidata.org/entity/Q106619968,Jaap van der Kreeft,15672
http://www.wikidata.org/entity/Q106619857,Di Piepol,3892
http://www.wikidata.org/entity/Q106619590,Racké & Muskens,1838
http://www.wikidata.org/entity/Q106619637,Petra Bauer & Annette Krauss,16974
http://www.wikidata.org/entity/Q106619850,Teoman Madra,3870
http://www.wikidata.org/entity/Q106620452,Young Caged Animals,3212
http://www.wikidata.org/entity/Q106620023,Samira Elagoz,17048
http://www.wikidata.org/entity/Q106619969,Rogier Klomp,15915
http://www.wikidata.org/entity/Q106619829,Harmen Roelof van der Wal,3825
http://www.wikidata.org/entity/Q106619867,S.K.S. Productie,3935
http://www.wikidata.org/entity/Q106619803,Ricardo Füglistahler,3631
http://www.wikidata.org/entity/Q106619818,Marion Gadiot,3804
http://www.wikidata.org/entity/Q106619632,Jan Fabre & Giacomo Rizzolatti,16880
http://www.wikidata.org/entity/Q106619653,Aernout Mik & Marjoleine Boonstra,17034
http://www.wikidata.org/entity/Q106620025,Simone Niquille,17049
http://www.wikidata.org/entity/Q106619660,Artur Zmijewski & Pawel Althamer,17087
http://www.wikidata.org/entity/Q106620003,Astrid van Nimwegen,16868
http://www.wikidata.org/entity/Q106620004,Michiel Vijselaar,16875
http://www.wikidata.org/entity/Q3588014,Élodie Pong,13544
http://www.wikidata.org/entity/Q28792383,Annie Wright,2450
http://www.wikidata.org/entity/Q55236386,Sarah Carlier,16992
http://www.wikidata.org/entity/Q16211385,Runa Islam,6598
http://www.wikidata.org/entity/Q65322854,Agung Kurniawan,16973
http://www.wikidata.org/entity/Q52825860,Bernard Gigounon,12022
http://www.wikidata.org/entity/Q24680593,Noel Harding,997
http://www.wikidata.org/entity/Q28944130,Max Kisman,16334
http://www.wikidata.org/entity/Q16423852,Finnbogi Petursson,1785
http://www.wikidata.org/entity/Q106619795,Jeremy Welsh,2383
http://www.wikidata.org/entity/Q106620011,Christian Friedrich,16957
http://www.wikidata.org/entity/Q97396513,Jaap de Jonge,43
http://www.wikidata.org/entity/Q12629478,Dalibor Martinis,1543
http://www.wikidata.org/entity/Q82576230,Esma Yigitoghu,3945
http://www.wikidata.org/entity/Q29556586,Douwe Dijkstra,16876
http://www.wikidata.org/entity/Q106619859,Bernard Delmotte,3898
http://www.wikidata.org/entity/Q4517304,Chto Delat?,16917
http://www.wikidata.org/entity/Q4391086,Gerrit van Dijk,9943
http://www.wikidata.org/entity/Q13112819,Nalini Malani,6480
http://www.wikidata.org/entity/Q4976217,Joanna Rytel,13464
http://www.wikidata.org/entity/Q17492955,Arno Coenen,4688
http://www.wikidata.org/entity/Q5054501,Cauleen Smith,16953
http://www.wikidata.org/entity/Q11468969,Keigo Yamamoto,2458
http://www.wikidata.org/entity/Q1274234,Peter Campus,4032
http://www.wikidata.org/entity/Q1422784,Pier Paolo Calzolari,5949
http://www.wikidata.org/entity/Q50345560,belit sağ,16988
http://www.wikidata.org/entity/Q50364741,Neïl Beloufa,14468
http://www.wikidata.org/entity/Q9588142,Agnes Hegedüs,34
http://www.wikidata.org/entity/Q27080266,Sef Peeters,3776
http://www.wikidata.org/entity/Q1296543,Ingo Günther,961
http://www.wikidata.org/entity/Q105833535,Albert van der Weide,4251
http://www.wikidata.org/entity/Q77325124,Raul Marroquin,49
http://www.wikidata.org/entity/Q1903090,Martha Rosler,4213
http://www.wikidata.org/entity/Q1928215,Michael Klier,45
http://www.wikidata.org/entity/Q22670468,Kees Aafjes,280
http://www.wikidata.org/entity/Q882990,John Bock,13491
http://www.wikidata.org/entity/Q42651868,Bernard Besson,4043
http://www.wikidata.org/entity/Q106620005,Mike Tyler,16883
http://www.wikidata.org/entity/Q55217888,David Critchley,6416
http://www.wikidata.org/entity/Q6120232,Jacqueline Winsor,15958
http://www.wikidata.org/entity/Q2162448,Livinus van de Bundt,3662
http://www.wikidata.org/entity/Q2285439,Jaap Drupsteen,744
http://www.wikidata.org/entity/Q23038691,Wies Smals,4033
http://www.wikidata.org/entity/Q6304431,Judy Fiskin,16948
http://www.wikidata.org/entity/Q6310340,Juliao Sarmento,13773
http://www.wikidata.org/entity/Q23062778,Robin Collyer,3818
http://www.wikidata.org/entity/Q2329769,Gerald van der Kaap,1215
http://www.wikidata.org/entity/Q4764114,Angus Fairhurst,17066
http://www.wikidata.org/entity/Q2372246,Teun Hocks,4327
http://www.wikidata.org/entity/Q101198429,Bas van Koolwijk,9648
http://www.wikidata.org/entity/Q96949352,Winfred Evers,796
http://www.wikidata.org/entity/Q2477447,Ulrike Rosenbach,61
http://www.wikidata.org/entity/Q2479548,Bas Jan Ader,3996
http://www.wikidata.org/entity/Q21034701,Xavier Ribas,16964
http://www.wikidata.org/entity/Q2649680,Club Moral,4236
http://www.wikidata.org/entity/Q39504907,Pierre van Dijk,3944
http://www.wikidata.org/entity/Q19299031,Reindeer Werk,4338
http://www.wikidata.org/entity/Q97397839,Lieselot IJsendoorn,41
http://www.wikidata.org/entity/Q97397247,Henk Wijnen,2409
http://www.wikidata.org/entity/Q97398700,Dan Geesin,875
http://www.wikidata.org/entity/Q7425703,Saskia Olde Wolbers,14133
http://www.wikidata.org/entity/Q19560426,Catherine Elwes,3869
http://www.wikidata.org/entity/Q106132238,Planstudio Siepmann,3838
http://www.wikidata.org/entity/Q3035204,Dominique Gonzalez-Foerster,14932
http://www.wikidata.org/entity/Q21289570,Nora Ligorano,17284
http://www.wikidata.org/entity/Q106892325,Pierre van Berkel,425
http://www.wikidata.org/entity/Q106916724,Ghalia Elsrakbi,17268
http://www.wikidata.org/entity/Q106916787,Joe Gerhardt,17274
http://www.wikidata.org/entity/Q106620481,Govcom.org,15108
http://www.wikidata.org/entity/Q106620751,John Scarlett-Davis,3698
http://www.wikidata.org/entity/Q22237641,Katleen Vermeir,17281
http://www.wikidata.org/entity/Q106620471,Contemporary Art Foundation,12600
http://www.wikidata.org/entity/Q109280166,Valentina Gal,17177
http://www.wikidata.org/entity/Q109283182,Mateo Vega,17179
http://www.wikidata.org/entity/Q109283181,Kristiina Koskentola,17126
http://www.wikidata.org/entity/Q109283183,Patricia Werneck Ribas,17184
http://www.wikidata.org/entity/Q109283178,Ghita Skali,17183
http://www.wikidata.org/entity/Q109283184,Samuel Fouracre,17041
http://www.wikidata.org/entity/Q109283177,Frederique Pisuisse,17185
http://www.wikidata.org/entity/Q109283179,Jules van Hulst & Douwe Dijkstra,17130
http://www.wikidata.org/entity/Q106690617,Tom Tlalim,16331
http://www.wikidata.org/entity/Q109283180,Katja Verheul,17182
http://www.wikidata.org/entity/Q106916574,Hans Bernhard,17258
http://www.wikidata.org/entity/Q19663700,Elsa Stansfield,17291
http://www.wikidata.org/entity/Q106915871,Berenicci Hershorn,17277
http://www.wikidata.org/entity/Q106916839,Helena Muskens,17288
http://www.wikidata.org/entity/Q106916752,Ruth Jarman,17275
http://www.wikidata.org/entity/Q106916399,Brian D. McKenna,17286
http://www.wikidata.org/entity/Q106916638,Yntse Vugts,17256
http://www.wikidata.org/entity/Q108476905,Anne Nigten,1671
http://www.wikidata.org/entity/Q3317079,Mitchell Kriegman,3805
http://www.wikidata.org/entity/Q562048,Giacomo Rizzolatti,16881
http://www.wikidata.org/entity/Q577569,Elia Suleiman,17292
http://www.wikidata.org/entity/Q4352297,Iimura Takahiko,12675
http://www.wikidata.org/entity/Q94325336,Aleesa Cohene,15466
http://www.wikidata.org/entity/Q106916530,Thijs Visser,17293
http://www.wikidata.org/entity/Q109334401,Steven Cuzner,17024
http://www.wikidata.org/entity/Q106624915,Gerd Siepmann,3838
http://www.wikidata.org/entity/Q1919805,Thom Puckey,16216
http://www.wikidata.org/entity/Q1928874,Geert Mul,1626
http://www.wikidata.org/entity/Q95706720,Malga Kubiak,4335
http://www.wikidata.org/entity/Q77350282,John Adams,293
http://www.wikidata.org/entity/Q567772,Walid Raad,9355
http://www.wikidata.org/entity/Q106916728,Lauren Alexander,17269
http://www.wikidata.org/entity/Q18388705,Marshall Reese & Nora Ligorano,3661
http://www.wikidata.org/entity/Q106916029,Peter Leeuwerink,12957
http://www.wikidata.org/entity/Q52184059,Tom Callemin,17263
http://www.wikidata.org/entity/Q3367489,Pascal Lièvre,13302
http://www.wikidata.org/entity/Q75029581,Ivar van Bekkum,17242
http://www.wikidata.org/entity/Q24262353,Eric Metcalfe,3862
http://www.wikidata.org/entity/Q73984219,Antonie Frank Grahamsdaughter,5225
http://www.wikidata.org/entity/Q99455217,Michel Chevalier,6618
http://www.wikidata.org/entity/Q1862733,Michel Banabila,16329
http://www.wikidata.org/entity/Q97399516,Maria Verstappen,17267
http://www.wikidata.org/entity/Q1897384,Marie José Burki,14386
http://www.wikidata.org/entity/Q77610708,Joan Heemskerk,17278
http://www.wikidata.org/entity/Q54595690,Erwin Driessens,17266
http://www.wikidata.org/entity/Q1674893,Istvan Kantor,44
http://www.wikidata.org/entity/Q6143933,James T. Hong,17265
http://www.wikidata.org/entity/Q55217881,Dana Atchley,14003
http://www.wikidata.org/entity/Q29554149,Jules van Hulst,17282
http://www.wikidata.org/entity/Q106916369,Neva Lukic,17285
http://www.wikidata.org/entity/Q2693939,Lernert Engelberts,17270
http://www.wikidata.org/entity/Q19958946,Jacoba Bedeaux,17257
http://www.wikidata.org/entity/Q106314389,Tjarda Sixma,2043
http://www.wikidata.org/entity/Q24188932,Piet Dirkx,6482
http://www.wikidata.org/entity/Q52484325,Pauline Curnier Jardin,17102
http://www.wikidata.org/entity/Q89148575,Persijn Broersen,9312
http://www.wikidata.org/entity/Q89148610,Margit Lukács,9834
http://www.wikidata.org/entity/Q73413127,Sander Plug,17271
http://www.wikidata.org/entity/Q55219550,Tomiyo Sasaki,5445
http://www.wikidata.org/entity/Q3152779,Marieke van der Lippe,17137
http://www.wikidata.org/entity/Q14538300,Jan Świdziński,3817
http://www.wikidata.org/entity/Q106890958,Martijn Comes,15532
http://www.wikidata.org/entity/Q106916507,Sjoerd ter Borg,17259
http://www.wikidata.org/entity/Q106916739,Yin-Ju Chen,17264
http://www.wikidata.org/entity/Q106916489,Mark Jan van Tellingen,17260
http://www.wikidata.org/entity/Q1515133,Gert-Jan Prins,13480
http://www.wikidata.org/entity/Q47538350,Lieve Prins,17110
http://www.wikidata.org/entity/Q52186411,Ronny Heiremans,17280
http://www.wikidata.org/entity/Q99510194,Dirk Larsen,17295
http://www.wikidata.org/entity/Q19875029,Jane Pollard,17273
http://www.wikidata.org/entity/Q19874987,Iain Forsyth,17272
http://www.wikidata.org/entity/Q106916553,lizvlx,17294
http://www.wikidata.org/entity/Q106916830,Quirine Racké,17289
http://www.wikidata.org/entity/Q699736,Ilya Kabakov,16315
http://www.wikidata.org/entity/Q96949974,Dirk Paesmans,17279
http://www.wikidata.org/entity/Q2013765,Esther Rots,17290
http://www.wikidata.org/entity/Q29552447,Witte van Hulzen,17262
http://www.wikidata.org/entity/Q110541080,Mark IJzerman & Sébastien Robert,17208
http://www.wikidata.org/entity/Q110541079,Nye Thompson & UBERMORGEN.COM,17187
http://www.wikidata.org/entity/Q53097677,René Bosma,4830
http://www.wikidata.org/entity/Q109624504,Florian Schuller,3829
http://www.wikidata.org/entity/Q25189280,Karen Murphy,17287
http://www.wikidata.org/entity/Q106915572,Randy Gledhill,17276
http://www.wikidata.org/entity/Q106916620,Fredie Beckmans,17255
http://www.wikidata.org/entity/Q2417994,Madelon Hooykaas,17178
http://www.wikidata.org/entity/Q3417276,Rafaël Rozendaal,14315
http://www.wikidata.org/entity/Q64853095,Alban Muja,13992
http://www.wikidata.org/entity/Q11731260,Józef Robakowski,4223
http://www.wikidata.org/entity/Q29552452,Sander Breure,17261
http://www.wikidata.org/entity/Q19703612,Zsigmond Károlyi,3810
